Set,Sum,SpeedUp
1,11,6.623495
2,11,7.404924
3,11,6.504351
4,11,5.133401
5,11,3.617296
6,11,2.202942
1,12,4.689437
2,12,6.623993
3,12,7.405317
4,12,6.505440
5,12,5.131907
6,12,3.617298
7,12,2.202875
1,13,2.541187
2,13,4.691643
3,13,6.622901
4,13,7.405337
5,13,6.505056
6,13,5.133315
7,13,3.617544
8,13,2.203341
1,14,1.300804
2,14,2.538977
3,14,4.690596
4,14,6.625724
5,14,7.406362
6,14,6.498047
7,14,5.107914
8,14,3.589918
9,14,2.178311
