Set,Sum,SpeedUp
1,11,7.862123
2,11,7.373621
3,11,6.434373
4,11,5.089978
5,11,3.607337
6,11,2.200003
1,12,7.250377
2,12,7.861955
3,12,7.373487
4,12,6.435815
5,12,5.089619
6,12,3.606637
7,12,2.200305
1,13,4.966816
2,13,7.252324
3,13,7.861960
4,13,7.373589
5,13,6.434243
6,13,5.087199
7,13,3.608726
8,13,2.204056
1,14,2.679266
2,14,4.966755
3,14,7.251125
4,14,7.861870
5,14,7.372885
6,14,6.417427
7,14,5.034297
8,14,3.556886
9,14,2.162083
