Set,Sum,SpeedUp
0,0,1.679000
0,0,3.010920
0,0,4.677480
0,0,6.344724
0,0,8.848817
0,0,7.327554
0,0,4.861470
0,0,2.542420
