Set,Sum,SpeedUp
0,0,1.490390
0,0,2.632319
0,0,4.111167
0,0,5.712240
0,0,7.110177
0,0,8.055840
0,0,8.977897
0,0,8.221598
