Set,Sum,SpeedUp
0,0,1.657966
0,0,2.932883
0,0,4.470355
0,0,6.902900
0,0,5.933632
0,0,4.213614
0,0,2.495842
0,0,1.252396
