Set,Sum,SpeedUp
0,0,1.646869
0,0,2.951988
0,0,4.620615
0,0,6.379290
0,0,7.984508
0,0,9.812230
0,0,8.395098
0,0,5.111654
